<?xml version="1.0" encoding="UTF-8"?>
<project-private xmlns="http://www.netbeans.org/ns/project-private/1">
    <editor-bookmarks xmlns="http://www.netbeans.org/ns/editor-bookmarks/2" lastBookmarkId="0"/>
    <open-files xmlns="http://www.netbeans.org/ns/projectui-open-files/2">
        <group>
            <file>file:/C:/Users/___Cid___/Documents/NetBeansProjects/j2e/src/java/com/supinfo/supsms/dao/jpa/JpaSMSDao.java</file>
            <file>file:/C:/Users/___Cid___/Documents/NetBeansProjects/j2e/src/java/com/supinfo/supsms/entity/PK/SMSPrimaryKeys.java</file>
            <file>file:/C:/Users/___Cid___/Documents/NetBeansProjects/j2e/src/java/com/supinfo/supsms/entity/SupUser.java</file>
            <file>file:/C:/Users/___Cid___/Documents/NetBeansProjects/j2e/src/java/com/supinfo/supsms/entity/SMS.java</file>
            <file>file:/C:/Users/___Cid___/Documents/NetBeansProjects/j2e/src/java/com/supinfo/supsms/web/servlet/smsServlet.java</file>
        </group>
    </open-files>
</project-private>
